depth,obs_temp,pred_temp,lat,lon,time,dist_km,time_delta_days
0.0,28.804096221923828,25.61688232421875,12.699999809265137,82.30000305175781,2025-01-08,7.77,0.0
5.0,28.721546173095703,24.642765045166016,12.699999809265137,82.30000305175781,2025-01-08,7.77,0.0
10.0,28.376564025878906,25.483928680419922,12.699999809265137,82.30000305175781,2025-01-08,7.77,0.0
20.0,28.45113754272461,24.601449966430664,12.699999809265137,82.30000305175781,2025-01-08,7.77,0.0
30.0,28.00735092163086,24.574289321899414,12.699999809265137,82.30000305175781,2025-01-08,7.77,0.0
50.0,26.948678970336914,24.441844940185547,12.699999809265137,82.30000305175781,2025-01-08,7.77,0.0
75.0,25.649145126342773,23.130023956298828,12.699999809265137,82.30000305175781,2025-01-08,7.77,0.0
100.0,23.911773681640625,22.20748519897461,12.699999809265137,82.30000305175781,2025-01-08,7.77,0.0
125.0,22.560150146484375,21.137699127197266,12.699999809265137,82.30000305175781,2025-01-08,7.77,0.0
150.0,21.12152862548828,20.412036895751953,12.699999809265137,82.30000305175781,2025-01-08,7.77,0.0
200.0,18.033449172973633,19.464813232421875,12.699999809265137,82.30000305175781,2025-01-08,7.77,0.0
300.0,17.13548469543457,19.01255989074707,12.699999809265137,82.30000305175781,2025-01-08,7.77,0.0
500.0,16.260101318359375,18.866823196411133,12.699999809265137,82.30000305175781,2025-01-08,7.77,0.0
700.0,15.53512954711914,18.255104064941406,12.699999809265137,82.30000305175781,2025-01-08,7.77,0.0
1000.0,13.556994438171387,17.505592346191406,12.699999809265137,82.30000305175781,2025-01-08,7.77,0.0
0.0,29.11160659790039,25.596370697021484,14.5,81.80000305175781,2025-01-22,5.38,0.0
5.0,28.90691566467285,24.599620819091797,14.5,81.80000305175781,2025-01-22,5.38,0.0
10.0,29.089506149291992,25.399112701416016,14.5,81.80000305175781,2025-01-22,5.38,0.0
20.0,28.855052947998047,24.56458282470703,14.5,81.80000305175781,2025-01-22,5.38,0.0
30.0,28.430309295654297,24.55268669128418,14.5,81.80000305175781,2025-01-22,5.38,0.0
50.0,27.17397689819336,24.388643264770508,14.5,81.80000305175781,2025-01-22,5.38,0.0
75.0,25.788414001464844,23.089923858642578,14.5,81.80000305175781,2025-01-22,5.38,0.0
100.0,24.42486572265625,22.190837860107422,14.5,81.80000305175781,2025-01-22,5.38,0.0
125.0,22.812721252441406,21.123090744018555,14.5,81.80000305175781,2025-01-22,5.38,0.0
150.0,21.339574813842773,20.41119384765625,14.5,81.80000305175781,2025-01-22,5.38,0.0
200.0,18.247339248657227,19.443065643310547,14.5,81.80000305175781,2025-01-22,5.38,0.0
300.0,17.62754249572754,19.089811325073242,14.5,81.80000305175781,2025-01-22,5.38,0.0
500.0,16.758134841918945,18.853349685668945,14.5,81.80000305175781,2025-01-22,5.38,0.0
700.0,15.544029235839844,18.28553009033203,14.5,81.80000305175781,2025-01-22,5.38,0.0
1000.0,14.089985847473145,17.489553451538086,14.5,81.80000305175781,2025-01-22,5.38,0.0
0.0,27.887155532836914,25.589908599853516,13.5,82.0,2025-01-05,0.0,0.0
5.0,28.099599838256836,24.623699188232422,13.5,82.0,2025-01-05,0.0,0.0
10.0,27.892444610595703,25.34073257446289,13.5,82.0,2025-01-05,0.0,0.0
20.0,27.424055099487305,24.461095809936523,13.5,82.0,2025-01-05,0.0,0.0
30.0,27.363208770751953,24.506559371948242,13.5,82.0,2025-01-05,0.0,0.0
50.0,26.49771499633789,24.26882553100586,13.5,82.0,2025-01-05,0.0,0.0
75.0,24.385997772216797,23.06236457824707,13.5,82.0,2025-01-05,0.0,0.0
100.0,23.1856632232666,22.18412208557129,13.5,82.0,2025-01-05,0.0,0.0
125.0,21.939889907836914,21.1594181060791,13.5,82.0,2025-01-05,0.0,0.0
150.0,20.1199893951416,20.50686264038086,13.5,82.0,2025-01-05,0.0,0.0
200.0,17.14816665649414,19.51831817626953,13.5,82.0,2025-01-05,0.0,0.0
300.0,16.53579330444336,19.038558959960938,13.5,82.0,2025-01-05,0.0,0.0
500.0,15.773707389831543,18.932451248168945,13.5,82.0,2025-01-05,0.0,0.0
700.0,14.454163551330566,18.300582885742188,13.5,82.0,2025-01-05,0.0,0.0
1000.0,12.983402252197266,17.515735626220703,13.5,82.0,2025-01-05,0.0,0.0
0.0,28.687288284301758,23.110342025756836,12.0,83.5,2025-01-12,0.0,0.0
5.0,28.98332977294922,23.767009735107422,12.0,83.5,2025-01-12,0.0,0.0
10.0,28.88045883178711,25.260805130004883,12.0,83.5,2025-01-12,0.0,0.0
20.0,28.503049850463867,22.496414184570312,12.0,83.5,2025-01-12,0.0,0.0
30.0,28.210369110107422,23.779823303222656,12.0,83.5,2025-01-12,0.0,0.0
50.0,27.063047409057617,23.47311019897461,12.0,83.5,2025-01-12,0.0,0.0
75.0,25.67605209350586,23.563451766967773,12.0,83.5,2025-01-12,0.0,0.0
100.0,23.81206703186035,22.59688949584961,12.0,83.5,2025-01-12,0.0,0.0
125.0,22.628816604614258,21.386079788208008,12.0,83.5,2025-01-12,0.0,0.0
150.0,20.764360427856445,21.11023712158203,12.0,83.5,2025-01-12,0.0,0.0
200.0,17.856779098510742,21.063129425048828,12.0,83.5,2025-01-12,0.0,0.0
300.0,17.388507843017578,20.721464157104492,12.0,83.5,2025-01-12,0.0,0.0
500.0,16.03813934326172,21.040782928466797,12.0,83.5,2025-01-12,0.0,0.0
700.0,15.231431007385254,19.292814254760742,12.0,83.5,2025-01-12,0.0,0.0
1000.0,13.623178482055664,19.36083984375,12.0,83.5,2025-01-12,0.0,0.0
0.0,28.074445724487305,25.554399490356445,14.199999809265137,81.0,2025-01-20,5.56,0.0
5.0,27.593000411987305,24.590866088867188,14.199999809265137,81.0,2025-01-20,5.56,0.0
10.0,27.64706039428711,25.31293296813965,14.199999809265137,81.0,2025-01-20,5.56,0.0
20.0,27.607807159423828,24.52678680419922,14.199999809265137,81.0,2025-01-20,5.56,0.0
30.0,27.65190887451172,24.5281982421875,14.199999809265137,81.0,2025-01-20,5.56,0.0
50.0,26.286745071411133,24.317895889282227,14.199999809265137,81.0,2025-01-20,5.56,0.0
75.0,24.813217163085938,23.061967849731445,14.199999809265137,81.0,2025-01-20,5.56,0.0
100.0,23.41602325439453,22.153133392333984,14.199999809265137,81.0,2025-01-20,5.56,0.0
125.0,21.680858612060547,21.126848220825195,14.199999809265137,81.0,2025-01-20,5.56,0.0
150.0,20.35533332824707,20.486896514892578,14.199999809265137,81.0,2025-01-20,5.56,0.0
200.0,17.191984176635742,19.487085342407227,14.199999809265137,81.0,2025-01-20,5.56,0.0
300.0,16.353639602661133,19.08684730529785,14.199999809265137,81.0,2025-01-20,5.56,0.0
500.0,15.554154396057129,18.907018661499023,14.199999809265137,81.0,2025-01-20,5.56,0.0
700.0,14.698860168457031,18.369672775268555,14.199999809265137,81.0,2025-01-20,5.56,0.0
1000.0,13.16357707977295,17.523012161254883,14.199999809265137,81.0,2025-01-20,5.56,0.0
0.0,28.998817443847656,25.970481872558594,11.0,81.5,2025-01-03,0.0,0.0
5.0,29.139236450195312,25.149904251098633,11.0,81.5,2025-01-03,0.0,0.0
10.0,28.841289520263672,26.755035400390625,11.0,81.5,2025-01-03,0.0,0.0
20.0,28.697874069213867,24.96257781982422,11.0,81.5,2025-01-03,0.0,0.0
30.0,28.62381362915039,25.136653900146484,11.0,81.5,2025-01-03,0.0,0.0
50.0,27.070592880249023,25.108055114746094,11.0,81.5,2025-01-03,0.0,0.0
75.0,25.59612274169922,23.758699417114258,11.0,81.5,2025-01-03,0.0,0.0
100.0,24.374372482299805,22.492639541625977,11.0,81.5,2025-01-03,0.0,0.0
125.0,22.620195388793945,21.511089324951172,11.0,81.5,2025-01-03,0.0,0.0
150.0,21.20296859741211,20.284027099609375,11.0,81.5,2025-01-03,0.0,0.0
200.0,18.30693244934082,19.421049118041992,11.0,81.5,2025-01-03,0.0,0.0
300.0,17.58907127380371,18.742015838623047,11.0,81.5,2025-01-03,0.0,0.0
500.0,16.67548942565918,18.702207565307617,11.0,81.5,2025-01-03,0.0,0.0
700.0,15.649564743041992,17.6536808013916,11.0,81.5,2025-01-03,0.0,0.0
1000.0,14.106939315795898,17.408031463623047,11.0,81.5,2025-01-03,0.0,0.0
0.0,29.22222900390625,25.107044219970703,10.5,84.0,2025-01-10,0.0,0.0
5.0,29.27898597717285,23.71147346496582,10.5,84.0,2025-01-10,0.0,0.0
10.0,29.13092613220215,25.2695369720459,10.5,84.0,2025-01-10,0.0,0.0
20.0,28.76687240600586,22.985902786254883,10.5,84.0,2025-01-10,0.0,0.0
30.0,28.841228485107422,24.974628448486328,10.5,84.0,2025-01-10,0.0,0.0
50.0,27.580223083496094,24.554975509643555,10.5,84.0,2025-01-10,0.0,0.0
75.0,26.00404930114746,23.469032287597656,10.5,84.0,2025-01-10,0.0,0.0
100.0,24.4761905670166,22.55199432373047,10.5,84.0,2025-01-10,0.0,0.0
125.0,22.879671096801758,21.5347843170166,10.5,84.0,2025-01-10,0.0,0.0
150.0,21.519453048706055,20.27368927001953,10.5,84.0,2025-01-10,0.0,0.0
200.0,18.546344757080078,20.65873146057129,10.5,84.0,2025-01-10,0.0,0.0
300.0,17.716384887695312,20.16895294189453,10.5,84.0,2025-01-10,0.0,0.0
500.0,16.915719985961914,19.022647857666016,10.5,84.0,2025-01-10,0.0,0.0
700.0,15.689779281616211,19.235960006713867,10.5,84.0,2025-01-10,0.0,0.0
1000.0,14.087189674377441,19.55103302001953,10.5,84.0,2025-01-10,0.0,0.0
0.0,28.972198486328125,24.839160919189453,11.800000190734863,82.5,2025-01-17,5.56,0.0
5.0,28.727888107299805,24.718381881713867,11.800000190734863,82.5,2025-01-17,5.56,0.0
10.0,28.655620574951172,25.540517807006836,11.800000190734863,82.5,2025-01-17,5.56,0.0
20.0,28.384471893310547,23.160594940185547,11.800000190734863,82.5,2025-01-17,5.56,0.0
30.0,28.107627868652344,25.389060974121094,11.800000190734863,82.5,2025-01-17,5.56,0.0
50.0,27.193748474121094,24.035991668701172,11.800000190734863,82.5,2025-01-17,5.56,0.0
75.0,25.49933624267578,23.63034439086914,11.800000190734863,82.5,2025-01-17,5.56,0.0
100.0,24.23431968688965,22.625835418701172,11.800000190734863,82.5,2025-01-17,5.56,0.0
125.0,22.648954391479492,21.239002227783203,11.800000190734863,82.5,2025-01-17,5.56,0.0
150.0,21.0367488861084,20.5399169921875,11.800000190734863,82.5,2025-01-17,5.56,0.0
200.0,17.959632873535156,19.955303192138672,11.800000190734863,82.5,2025-01-17,5.56,0.0
300.0,17.294979095458984,20.047224044799805,11.800000190734863,82.5,2025-01-17,5.56,0.0
500.0,16.246973037719727,19.676774978637695,11.800000190734863,82.5,2025-01-17,5.56,0.0
700.0,15.576935768127441,18.508689880371094,11.800000190734863,82.5,2025-01-17,5.56,0.0
1000.0,13.884668350219727,19.844404220581055,11.800000190734863,82.5,2025-01-17,5.56,0.0
0.0,29.07951545715332,31.44253158569336,10.199999809265137,83.0,2025-01-24,5.56,0.0
5.0,28.73775863647461,29.956209182739258,10.199999809265137,83.0,2025-01-24,5.56,0.0
10.0,28.782596588134766,28.38922119140625,10.199999809265137,83.0,2025-01-24,5.56,0.0
20.0,28.682279586791992,24.85083770751953,10.199999809265137,83.0,2025-01-24,5.56,0.0
30.0,28.33099365234375,27.044904708862305,10.199999809265137,83.0,2025-01-24,5.56,0.0
50.0,27.26760482788086,27.02198028564453,10.199999809265137,83.0,2025-01-24,5.56,0.0
75.0,25.5560359954834,28.666839599609375,10.199999809265137,83.0,2025-01-24,5.56,0.0
100.0,24.028146743774414,23.398006439208984,10.199999809265137,83.0,2025-01-24,5.56,0.0
125.0,22.702434539794922,22.545133590698242,10.199999809265137,83.0,2025-01-24,5.56,0.0
150.0,21.126575469970703,20.01080894470215,10.199999809265137,83.0,2025-01-24,5.56,0.0
200.0,18.22869873046875,18.0435733795166,10.199999809265137,83.0,2025-01-24,5.56,0.0
300.0,17.266706466674805,17.706741333007812,10.199999809265137,83.0,2025-01-24,5.56,0.0
500.0,16.535720825195312,17.269367218017578,10.199999809265137,83.0,2025-01-24,5.56,0.0
700.0,15.724324226379395,17.166824340820312,10.199999809265137,83.0,2025-01-24,5.56,0.0
1000.0,13.962031364440918,15.600378036499023,10.199999809265137,83.0,2025-01-24,5.56,0.0
