depth_m,mean_temp,std_temp,min_temp,max_temp,missing_pct
0.0,19.0397,0.0268,18.9037,19.0636,0.0
5.0,19.7419,0.0305,19.6077,19.7784,0.0
10.0,20.7689,0.0154,20.736,20.8435,0.0
20.0,19.948,0.0393,19.8763,20.1478,0.0
30.0,20.0839,0.0206,20.0571,20.1743,0.0
50.0,20.2172,0.0291,20.095,20.2339,0.0
75.0,19.506,0.0265,19.4108,19.536,0.0
100.0,20.4024,0.0118,20.3599,20.4774,0.0
125.0,19.8128,0.0249,19.6864,19.8501,0.0
150.0,20.3032,0.0191,20.212,20.3226,0.0
200.0,19.2199,0.0241,19.1765,19.3151,0.0
300.0,20.5635,0.0214,20.468,20.6167,0.0
500.0,19.8861,0.0172,19.8454,19.96,0.0
700.0,20.2608,0.0357,20.1084,20.3202,0.0
1000.0,20.0916,0.0168,20.0316,20.1543,0.0
