lat_idx,lon_idx,uncertainty
0,0,0.6655
0,1,1.0184
0,2,1.0899
0,3,0.761
0,4,0.7367
0,5,0.8427
0,6,0.793
0,7,0.793
0,8,0.793
0,9,0.793
0,10,0.793
0,11,0.793
0,12,0.793
0,13,0.793
0,14,0.793
0,15,0.7865
0,16,0.8751
0,17,0.9682
0,18,0.998
0,19,0.7898
0,20,0.71
1,0,0.9528
1,1,1.55
1,2,1.0259
1,3,1.0154
1,4,1.206
1,5,1.1007
1,6,1.0667
1,7,1.0667
1,8,1.0667
1,9,1.0667
1,10,1.0667
1,11,1.0667
1,12,1.0667
1,13,1.0667
1,14,1.0667
1,15,1.11
1,16,1.1779
1,17,1.0922
1,18,0.9758
1,19,1.1617
1,20,1.1315
2,0,1.2305
2,1,1.3857
2,2,1.0808
2,3,1.0476
2,4,0.8699
2,5,0.8642
2,6,0.8719
2,7,0.8719
2,8,0.8719
2,9,0.8719
2,10,0.8719
2,11,0.8719
2,12,0.8719
2,13,0.8719
2,14,0.8719
2,15,0.8423
2,16,0.8885
2,17,0.8573
2,18,1.4718
2,19,1.0121
2,20,1.1027
3,0,1.2276
3,1,1.145
3,2,0.9434
3,3,0.9181
3,4,0.694
3,5,0.6295
3,6,0.6065
3,7,0.6065
3,8,0.6065
3,9,0.6065
3,10,0.6065
3,11,0.6065
3,12,0.6065
3,13,0.6065
3,14,0.6065
3,15,0.6348
3,16,0.7241
3,17,0.8354
3,18,0.8535
3,19,0.9706
3,20,1.0681
4,0,0.9918
4,1,1.1593
4,2,0.966
4,3,0.708
4,4,0.4111
4,5,0.3994
4,6,0.3779
4,7,0.3779
4,8,0.3779
4,9,0.3779
4,10,0.3779
4,11,0.3779
4,12,0.3779
4,13,0.3779
4,14,0.3779
4,15,0.4107
4,16,0.421
4,17,0.743
4,18,0.7735
4,19,0.9057
4,20,0.8068
5,0,0.8726
5,1,1.1723
5,2,0.8679
5,3,0.7182
5,4,0.3863
5,5,0.2913
5,6,0.2513
5,7,0.2513
5,8,0.2513
5,9,0.2513
5,10,0.2513
5,11,0.2513
5,12,0.2513
5,13,0.2513
5,14,0.2513
5,15,0.3348
5,16,0.4017
5,17,0.6326
5,18,0.727
5,19,0.7652
5,20,0.7835
6,0,0.9431
6,1,1.1848
6,2,0.8564
6,3,0.7781
6,4,0.4139
6,5,0.283
6,6,0.2334
6,7,0.2334
6,8,0.2334
6,9,0.2334
6,10,0.2334
6,11,0.2334
6,12,0.2334
6,13,0.2334
6,14,0.2334
6,15,0.3386
6,16,0.383
6,17,0.6384
6,18,0.7668
6,19,0.7944
6,20,0.8384
7,0,0.9431
7,1,1.1848
7,2,0.8564
7,3,0.7781
7,4,0.4139
7,5,0.283
7,6,0.2334
7,7,0.2334
7,8,0.2334
7,9,0.2334
7,10,0.2334
7,11,0.2334
7,12,0.2334
7,13,0.2334
7,14,0.2334
7,15,0.3386
7,16,0.383
7,17,0.6384
7,18,0.7668
7,19,0.7944
7,20,0.8384
8,0,0.9431
8,1,1.1848
8,2,0.8564
8,3,0.7781
8,4,0.4139
8,5,0.283
8,6,0.2334
8,7,0.2334
8,8,0.2334
8,9,0.2334
8,10,0.2334
8,11,0.2334
8,12,0.2334
8,13,0.2334
8,14,0.2334
8,15,0.3386
8,16,0.383
8,17,0.6384
8,18,0.7668
8,19,0.7944
8,20,0.8384
9,0,0.9431
9,1,1.1848
9,2,0.8564
9,3,0.7781
9,4,0.4139
9,5,0.283
9,6,0.2334
9,7,0.2334
9,8,0.2334
9,9,0.2334
9,10,0.2334
9,11,0.2334
9,12,0.2334
9,13,0.2334
9,14,0.2334
9,15,0.3386
9,16,0.383
9,17,0.6384
9,18,0.7668
9,19,0.7944
9,20,0.8384
10,0,0.9431
10,1,1.1848
10,2,0.8564
10,3,0.7781
10,4,0.4139
10,5,0.283
10,6,0.2334
10,7,0.2334
10,8,0.2334
10,9,0.2334
10,10,0.2334
10,11,0.2334
10,12,0.2334
10,13,0.2334
10,14,0.2334
10,15,0.3386
10,16,0.383
10,17,0.6384
10,18,0.7668
10,19,0.7944
10,20,0.8384
11,0,0.9431
11,1,1.1848
11,2,0.8564
11,3,0.7781
11,4,0.4139
11,5,0.283
11,6,0.2334
11,7,0.2334
11,8,0.2334
11,9,0.2334
11,10,0.2334
11,11,0.2334
11,12,0.2334
11,13,0.2334
11,14,0.2334
11,15,0.3386
11,16,0.383
11,17,0.6384
11,18,0.7668
11,19,0.7944
11,20,0.8384
12,0,0.9431
12,1,1.1848
12,2,0.8564
12,3,0.7781
12,4,0.4139
12,5,0.283
12,6,0.2334
12,7,0.2334
12,8,0.2334
12,9,0.2334
12,10,0.2334
12,11,0.2334
12,12,0.2334
12,13,0.2334
12,14,0.2334
12,15,0.3386
12,16,0.383
12,17,0.6384
12,18,0.7668
12,19,0.7944
12,20,0.8384
13,0,0.9431
13,1,1.1848
13,2,0.8564
13,3,0.7781
13,4,0.4139
13,5,0.283
13,6,0.2334
13,7,0.2334
13,8,0.2334
13,9,0.2334
13,10,0.2334
13,11,0.2334
13,12,0.2334
13,13,0.2334
13,14,0.2334
13,15,0.3386
13,16,0.383
13,17,0.6384
13,18,0.7668
13,19,0.7944
13,20,0.8384
14,0,0.9431
14,1,1.1848
14,2,0.8564
14,3,0.7781
14,4,0.4139
14,5,0.283
14,6,0.2334
14,7,0.2334
14,8,0.2334
14,9,0.2334
14,10,0.2334
14,11,0.2334
14,12,0.2334
14,13,0.2334
14,14,0.2334
14,15,0.3386
14,16,0.383
14,17,0.6384
14,18,0.7668
14,19,0.7944
14,20,0.8384
15,0,0.9713
15,1,1.1819
15,2,0.8577
15,3,0.8403
15,4,0.4545
15,5,0.3369
15,6,0.3057
15,7,0.3057
15,8,0.3057
15,9,0.3057
15,10,0.3057
15,11,0.3057
15,12,0.3057
15,13,0.3057
15,14,0.3057
15,15,0.4014
15,16,0.4487
15,17,0.6749
15,18,0.7883
15,19,0.852
15,20,0.9463
16,0,0.9523
16,1,1.0687
16,2,0.9369
16,3,0.9682
16,4,0.5932
16,5,0.55
16,6,0.5169
16,7,0.5169
16,8,0.5169
16,9,0.5169
16,10,0.5169
16,11,0.5169
16,12,0.5169
16,13,0.5169
16,14,0.5169
16,15,0.5553
16,16,0.5639
16,17,0.6895
16,18,0.7608
16,19,0.893
16,20,0.955
17,0,1.1316
17,1,1.4705
17,2,1.3149
17,3,0.906
17,4,0.7267
17,5,0.7103
17,6,0.7324
17,7,0.7324
17,8,0.7324
17,9,0.7324
17,10,0.7324
17,11,0.7324
17,12,0.7324
17,13,0.7324
17,14,0.7324
17,15,0.7422
17,16,0.7981
17,17,0.7712
17,18,1.0696
17,19,1.0506
17,20,1.0408
18,0,1.1745
18,1,1.1604
18,2,1.4177
18,3,0.9479
18,4,0.9014
18,5,0.7174
18,6,0.7387
18,7,0.7387
18,8,0.7387
18,9,0.7387
18,10,0.7387
18,11,0.7387
18,12,0.7387
18,13,0.7387
18,14,0.7387
18,15,0.7254
18,16,0.7801
18,17,0.7257
18,18,1.0288
18,19,1.0574
18,20,1.1264
19,0,1.1814
19,1,1.2872
19,2,1.1096
19,3,1.0537
19,4,0.9007
19,5,0.8364
19,6,0.872
19,7,0.872
19,8,0.872
19,9,0.872
19,10,0.872
19,11,0.872
19,12,0.872
19,13,0.872
19,14,0.872
19,15,0.9154
19,16,0.8754
19,17,0.936
19,18,1.0526
19,19,1.0955
19,20,1.0272
20,0,1.0638
20,1,1.0876
20,2,1.4831
20,3,1.0781
20,4,1.0047
20,5,0.9422
20,6,0.963
20,7,0.963
20,8,0.963
20,9,0.963
20,10,0.963
20,11,0.963
20,12,0.963
20,13,0.963
20,14,0.963
20,15,0.9327
20,16,1.0604
20,17,1.0306
20,18,0.9742
20,19,1.028
20,20,0.811
